שם החברה,עיר/אזור,טלפון,מייל (כללי/שירות),כמות רכבים מוערכת
אלקטרה בנייה,נתניה/מרכז,08-943-3333,info@electra.co.il,300+
אשטרום הנדסה,תל אביב,03-623-1411,info@ashtrom.co.il,210+
דניה סיבוס,אור יהודה,03-538-3111,info@denya.co.il,260+
סולל בונה,מרכז,03-630-3333,info@shikun.co.il,310+
שיכון ובינוי,קרית שדה תעופה,03-630-3333,info@shikunbinui.com,300+
אפקון החזקות,פתח תקווה,03-925-1333,info@afcon.co.il,130+
לסיכו (Lesico),חולון,03-557-0000,info@lesico.co.il,120+
מנוליד חרות,פתח תקווה,03-921-2222,office@manolid.co.il,95+
אוליצקי תשתיות,חולון,03-550-8000,info@olizki.co.il,140+
חירם זאבי,פתח תקווה,03-921-1222,hiram@hiram.co.il,40+
קבוצת אורון,נתניה,*5660,office@oron-group.co.il,100+
אפקון בקרה,פתח תקווה,03-925-1333,info@afcon.co.il,120+
צוות 3 אבטחה,רחובות,073-801-1690,info@t3group.co.il,190+
G1 פתרונות אבטחה,פתח תקווה,03-920-6666,info@g1-group.com,160+
מוקד אמון,נתניה,*9103,info@amon.co.il,100+
מוקד השומרים,חולון,03-557-5222,info@hashomrim.co.il,90+
שלג לבן,נתניה,09-835-0111,office@sheleg.co.il,85+
עמישב אבטחה,תל אביב,03-605-2222,info@amishav.co.il,110+
T&M אבטחה,פתח תקווה,03-921-2244,info@tmisrael.co.il,180+
HFD שליחויות,פתח תקווה,03-924-4441,info@hfd.co.il,130+
צ'יטה שליחויות,נתניה,073-217-1717,info@chita.co.il,160+
אביב שיגור,חולון,03-655-2222,info@aviv.co.il,110+
תפוז שליחויות,פתח תקווה,03-532-9648,info@tapuz.co.il,80+
אוריאן לוגיסטיקה,חולון,03-918-9100,info@orian.com,180+
פליינג קרגו,צריפין,03-975-2222,info@fci.co.il,250+
תנובה (הפצה),חולון/רחובות,*6666,info@tnuva.co.il,550+
שטראוס (הפצה),פתח תקווה,*6860,info@strauss.co.il,410+
קוקה קולה,בני ברק,*5050,info@cbc.co.il,460+
טמפו,נתניה,09-863-0600,info@tempo.co.il,160+
יפאורה תבורי,רחובות,08-933-3333,info@jafora.co.il,145+
סנו (צי רכב),הוד השרון,09-747-3222,info@sano.co.il,120+
יוניליוור,קרית שדה תעופה,1-800-780-780,info@unilever.co.il,150+
סופר-פארם (צי),נתניה/מרכז,09-972-5000,info@super-pharm.co.il,130+
אלדן שינוע,ניר צבי,*3003,info@eldan.co.il,140+
שלמה סיקסט,קרית שדה תעופה,*4944,info@shlomo.co.il,200+
אוויס (Avis),לוד,*2722,info@avis.co.il,110+
הרץ (Hertz),פתח תקווה,*2000,info@hertz.co.il,110+
קל אוטו,נתניה,*6020,info@calauto.co.il,90+
מקורות (מרכז),חולון,03-623-7111,info@mekorot.co.il,320+
חברת החשמל,מרכז,103,info@iec.co.il,1500+
בזק (טכנאים),מרכז,199,info@bezeq.co.il,900+
הוט (טכנאים),מרכז,*6900,info@hot.net.il,450+
יס (YES),מרכז,*2080,info@yes.co.il,400+
סלקום (טכנאים),נתניה,*3123,info@cellcom.co.il,350+
פרטנר (טכנאים),ראש העין,*54,info@partner.co.il,300+
מכבי שירותי בריאות,מרכז,*3555,info@maccabi.co.il,160+
כללית (שינוע),מרכז,*2700,info@clalit.co.il,260+
נתיבי ישראל,אור יהודה,*2120,info@iroads.co.il,130+
רכבת ישראל,לוד,03-693-3411,info@rail.co.il,210+
נמל אשדוד,אשדוד,08-851-7111,info@ashdodport.co.il,160+
דואר ישראל,ארצי,171,info@postil.com,850+
"מד""א",ארצי,101,info@mda.org.il,1000+
שגריר חילוץ,חולון,*3388,info@shagrir.co.il,160+
פמי פרימיום,מרכז,03-565-3535,info@femi.com,90+
דרכים חילוץ,מרכז,*2008,info@drachim.co.il,70+
ישראליפט מעליות,חולון,03-558-0555,info@isralift.co.il,120+
שינדלר נחושתן,פתח תקווה,03-926-0000,info@schindler.com,110+
תדיראן (שירות),פתח תקווה,*1700,service@tadiran.co.il,140+
טורנדו (שירות),בני ברק,1-700-501-505,info@tornado.co.il,90+
מטיילי ירון בר,נתניה,09-865-1111,office@yaron-bar.co.il,45+
הורן את ליבוביץ',מרכז,03-977-1111,office@horn.co.il,150+
יוחננוף (לוגי),רחובות,08-944-1111,info@yochananof.co.il,50+
חצי חינם (לוגי),חולון,03-502-1111,info@hazi-hinam.co.il,40+
"פיקוח ראשל""צ",ראשון לציון,03-963-4444,moked@rishon.muni.il,65+
פיקוח נתניה,נתניה,09-860-3333,moked@netanya.muni.il,50+
אלמור חשמל,חדרה,04-637-4141,info@el-mor.co.il,75+
מנורה מערכות,חולון,03-557-7777,office@menora.co.il,50+
מגנזיום מערכות,פתח תקווה,03-921-2222,info@magnesium.co.il,30+
טלפייר,פתח תקווה,03-970-0400,info@telefire.com,35+
רב בריח,יבנה,1-800-800-100,info@rav-bariach.com,80+
דלתות פנדור,ראשון לציון,*2500,info@pandoor.co.il,25+
מדיטק שירות,מרכז,03-902-2222,info@meditech.co.il,30+
נובולוג שילוח,מודיעין,08-914-6000,info@novolog.co.il,180+
סלא (SLA),שוהם,03-977-1111,info@teva.co.il,120+
דיפלומט הפצה,שדה תעופה,03-976-6666,info@diplomat.co.il,210+
אסם (סוכנים),שוהם,03-928-2222,info@osem.co.il,100+
שטראוס (סוכנים),פתח תקווה,*6860,info@strauss.co.il,100+
הפניקס (סוקרים),גבעת שמואל,03-539-5555,info@fnx.co.il,55+
מגדל (סוקרים),פתח תקווה,03-925-5555,info@migdal.co.il,50+
ביקור רופא,מרכז,*6101,info@bikurofe.co.il,35+
עיריית חדרה,חדרה,106,moked@hadera.muni.il,80+
עיריית חולון,חולון,03-502-7222,moked@holon.muni.il,75+
מי אביבים,תל אביב,03-762-1111,info@mei-avivim.co.il,50+
מי ראשון,ראשון לציון,03-963-1111,info@mei-rishon.co.il,30+
מי פתח תקווה,פתח תקווה,03-905-1111,info@mei-pt.co.il,30+
מי חולון,חולון,03-502-1111,info@mei-holon.co.il,30+
קבוצת אלדד לוי,מרכז,03-902-1111,info@eldan-levy.co.il,35+
וולטה סולאר,מרכז,03-902-4444,info@volta.co.il,35+
סינאל (Synel),מרכז,09-959-1111,info@synel.co.il,25+
יוסי אמבולנס,חולון,03-551-2222,info@yossi-ambulance.co.il,25+
מטבחי רגבה,נתניה,04-995-0300,info@regba.co.il,30+
מטבחי אביבי,בני ברק,03-619-3333,info@avivi.co.il,25+
פקר פלדה,רמלה,03-550-1111,info@paker.co.il,40+
איסקור,רמלה,08-927-1111,info@iskoor.co.il,50+
נטפים,מרכז,08-647-3111,info@netafim.com,80+
אבן קיסר,מרכז,04-636-4555,info@caesarstone.com,45+
כתר פלסטיק,מרכז,1-700-70-88-77,info@keter.com,65+
נירלט סוכנים,נתניה,1-700-500-057,info@nirlat.com,35+
טמבור סוכנים,נתניה,*6477,info@tambour.co.il,45+
סימנס ישראל,ראש העין,09-854-1000,info@siemens.co.il,50+
מוקד אנוש,מרכז,03-921-1111,info@enosh.co.il,30+
מוקד כרמל,נתניה,09-862-2222,info@carmel.co.il,45+
קלינור,ראשון לציון,03-961-4455,info@cleanor.co.il,45+
מור חברה לניקיון,פתח תקווה,03-924-4455,info@mor-clean.co.il,35+
שוהר שירותים,מרכז,03-550-1111,info@shohar.co.il,55+
אמנורי,נתניה,09-865-1111,info@amnori.co.il,25+
פזגז (טכנאים),פתח תקווה,03-920-4444,info@pazgas.co.il,110+
סופרגז (טכנאים),נתניה,09-830-8111,info@supergas.co.il,95+
אמישראגז שירות,מרכז,*6252,info@amisragas.co.il,90+
דור אלון שירות,הרצליה,09-950-0000,info@doralon.co.il,60+
סונול לוגיסטיקה,נתניה,09-863-0000,info@sonol.co.il,80+
מי רעננה,רעננה,09-775-0600,info@mei-raanana.co.il,20+
אמבולנס המרכז,פתח תקווה,03-930-2222,info@m-ambulance.co.il,20+
טרם שירותי רפואה,מרכז,1-599-520-520,info@terem.com,25+
מעליות על-רד,פתח תקווה,03-922-2222,info@al-rad.co.il,50+
צום מעליות,מרכז,03-619-1111,info@tzum.co.il,35+
א.מ.ש מעליות,ראשון לציון,03-961-2222,info@ams-elev.co.il,25+
רולניק מערכות,חולון,03-550-9111,office@rolnick.co.il,45+
מערכות נוח,נתניה,09-885-0444,info@noach.co.il,25+
אקון הנדסה,נתניה,09-865-6444,info@acon.co.il,45+
אלקו התקנות,ראשון לציון,03-963-3333,info@elco.co.il,65+
גילת טלקום,פתח תקווה,03-925-2222,info@gilat.net,35+
מובילי דרור,גדרה/אשדוד,08-859-1111,office@dror.co.il,55+
גט איט (Get It),נתניה,09-861-1111,info@getit.co.il,45+
מוניטין שליחויות,רחובות,08-944-1111,info@monitin.co.il,25+
זיגזג שליחויות,מרכז,03-613-0000,info@zigzag.co.il,35+
דיל דליברי,פתח תקווה,03-921-1111,info@deal-del.co.il,20+
קו קו (Kuko),תל אביב,03-613-5555,info@kuko.co.il,20+
מרציאנו שליחויות,נתניה,052-250-1376,info@marciano.co.il,35+
שליחויות ישראל,אזור,03-550-1111,info@israel-del.co.il,55+
מנטפילד שילוח,"נתב""ג",03-977-1111,info@mentfield.com,85+
פריץ מטענים,אור יהודה,03-538-2222,info@fritz.co.il,95+
פרידנזון הובלות,אשדוד/מרכז,08-851-4111,info@fridenson.co.il,145+
נספרסו שירות,פתח תקווה,*2500,info@nespresso.co.il,40+
טרה (הפצה),מרכז,1-700-703-333,info@tara.co.il,185+
וילי פוד,יבנה,08-932-1111,info@willifood.co.il,55+
שטראוס מים,אור יהודה,*6944,info@tami4.co.il,165+
אלקטרה צריכה,"ראשל""צ",*2060,info@ecp.co.il,190+
מיניליין,פתח תקווה,03-925-1111,info@miniline.com,55+
קריסטל שירות,מרכז,1-700-500-200,info@crystal.co.il,45+
מוביילאיי,ירושלים/מרכז,02-541-7333,info@mobileye.com,85+
ביטוח ישיר,פתח תקווה,03-925-1111,info@555.co.il,35+
אדמה (מכתשים),מרכז,08-629-1111,info@adama.com,65+
נטפים שירות,מרכז,08-647-3111,info@netafim.com,75+
דוראל אנרגיה,רמת גן,03-611-1111,info@doral-energy.com,30+
אנלייט אנרגיה,רעננה,03-900-1111,info@enlightenergy.co.il,30+
סולגרין,מרכז,03-902-1111,info@solgreen.co.il,25+
אורד (Orad),חולון,03-557-0000,info@orad.com,55+
מגאסון,מרכז,03-923-3333,info@megason.co.il,50+
ג'נרל אלקטריק,מרכז,03-915-0000,info@ge.com,45+
ליסינג 4 יו,בני ברק,*2500,info@l4u.co.il,45+
דומיקאר,מרכז,03-925-1111,info@domicar.co.il,35+
קופת חולים מאוחדת,מרכז,*3833,info@meuhedet.co.il,110+
Be (פארם) לוגיסטיקה,מרכז,03-902-1111,info@be-pharm.co.il,30+
Factory 54 (אירני),מרכז,03-902-1111,info@factory54.co.il,30+
דאצ'יה ישראל (שירות),פתח תקווה,*8555,info@dacia.co.il,20+
טויוטה ישראל,מרכז,*2102,info@toyota.co.il,60+
מיצובישי (כלמוביל),פתח תקווה,*3700,info@colmobil.co.il,35+
בסט קאר,מרכז,03-902-1111,info@best-car.co.il,25+
סאן קאר,מרכז,03-550-1111,info@suncar.co.il,30+
מנופי דורי,מרכז,03-902-1111,info@dori-cranes.co.il,35+
מבנה גז,מרכז,03-550-1111,info@mivne-gas.co.il,20+
גז גל,מרכז,03-920-1111,info@gas-gal.co.il,20+
אינטרנט רימון,מרכז,03-902-1111,info@rimon.net.il,20+
צאת השמש,מרכז,03-550-1111,info@sunrise.co.il,20+
קלין קור,מרכז,03-609-1111,info@cleancore.co.il,25+
א.א. אור הנדסה,מרכז,03-902-1111,info@or-eng.co.il,20+
י.ג. חשמל,מרכז,03-550-1111,info@yg-elec.co.il,25+
י.א. מערכות,מרכז,03-611-1111,info@ya-sys.co.il,25+
אייר-קונטרול,מרכז,03-550-1111,info@aircontrol.co.il,25+
יהלום אבטחה,מרכז,03-619-1111,info@yahalom-sec.co.il,25+
ביטחון אזרחי,מרכז,03-902-1111,info@civil-sec.co.il,25+
מוקד 99,מרכז,03-550-1111,info@moked99.co.il,25+
דורגאז,מרכז,03-920-1111,info@dorgas.co.il,20+
שיא גז,מרכז,03-550-1111,info@sea-gas.co.il,20+
אלגז,מרכז,03-611-1111,info@elgas.co.il,20+
יוניגז,מרכז,03-550-1111,info@unigas.co.il,20+
כלבו גז,מרכז,03-902-1111,info@kolbo-gas.co.il,25+
זוגלובק הפצה,מרכז,03-923-0000,info@soglowek.co.il,60+
עוף טוב (הפצה),מרכז,03-902-1111,info@oftov.co.il,35+
טירת צבי (הפצה),מרכז,03-902-1111,info@tirat-zvi.co.il,35+
מיה תעשיות מזון,מרכז,03-902-1111,info@maya-foods.co.il,35+
תבליני מימון,מרכז,08-623-0000,info@maimon.co.il,30+
קבוצת השומרים,מרכז,03-550-1111,info@hashomrim.co.il,45+
ספץ אינסטלציה,מרכז,03-902-1111,info@spez.co.il,20+
אמקור שירות,מרכז,03-550-1111,service@amcor.co.il,20+
מעליות המומחה,מרכז,03-550-4444,info@expert-elev.co.il,25+
מעליות אמין,מרכז,03-550-1111,info@amin-elev.co.il,20+
מוקד בטוח,מרכז,03-550-5555,info@batuach.co.il,20+
מי גיחון,מרכז,02-565-1111,info@hagihon.co.il,45+
מי גדרה,גדרה,08-859-1111,info@mei-gedera.co.il,20+
שי לי הסעות,רחובות,08-941-1111,info@shili.co.il,25+
ביטחון לאומי,מרכז,03-902-1111,info@nat-sec.co.il,35+
גנים ונוף,מרכז,03-550-1111,info@ganim.co.il,20+
קבוצת שקל,מרכז,03-607-7777,info@shekel.co.il,35+
אפולו סולאר,מרכז,03-550-1111,info@apollo.co.il,20+
פול-בוסט,מרכז,03-902-1111,info@poolboost.co.il,20+
הידרו-שירות,מרכז,03-550-1111,info@hydro.co.il,25+
מי ספיר,מרכז,03-611-1111,info@sapir.co.il,20+
פלרם (סוכנים),מרכז,04-638-1111,info@palram.co.il,45+
ויה ארקדיה,מרכז,03-902-1111,info@via.co.il,20+
קבוצת עופר,מרכז,03-608-1111,info@ofer.co.il,35+
אלוני חץ,מרכז,03-754-1111,info@alony-hetz.com,25+
ג.א. מהנדסים,מרכז,03-550-1111,info@ga-eng.co.il,25+
רם-אדרת,מרכז,03-611-1111,info@ram-aderet.co.il,30+
קבוצת גבאי,מרכז,03-902-1111,info@gabbay.co.il,35+
אביסרור מרכז,מרכז,03-550-1111,info@avisror.co.il,25+
שתית בנייה,מרכז,03-902-5555,info@shatit.co.il,30+
רשות העתיקות,מרכז,02-620-1111,info@antiquities.org.il,35+
הווטרינר העירוני,מרכז,03-550-1111,info@vet.gov.il,25+
הגנת הסביבה,מרכז,*6911,info@sviva.gov.il,35+
רכב גרר עירוני,מרכז,03-550-1111,info@tow.co.il,45+
מובילי השלום,מרכז,03-550-1111,info@hashalom.co.il,25+
הובלות א.א,מרכז,03-611-1111,info@aa-log.co.il,20+
קרוז לוגיסטיקה,מרכז,03-902-1111,info@cruise.co.il,20+
שירותי הפצה,מרכז,03-550-1111,office@distribution.co.il,30+
קבוצת תעבורה,רמלה,08-927-9444,info@taavura.co.il,450+
מילניום לוגיסטיקה,אשדוד,08-851-8111,info@millenium.co.il,220+
מאפיות אנג'ל,לוד,03-927-8111,info@angel.co.il,120+
מאפיית ברמן,בני ברק,*2820,info@berman.co.il,95+
קבוצת טיב טעם,עמק חפר,09-866-1111,info@tivtaam.co.il,85+
יס (YES) טכנאים,כפר סבא,*2080,info@yes.co.il,390+
החברה למשק וכלכלה,תל אביב,03-608-1111,info@mashcal.co.il,55+
בנק הפועלים,תל אביב,03-567-3333,info@bankhapoalim.co.il,210+
בנק לאומי,תל אביב,03-514-8111,info@leumi.co.il,195+
בנק דיסקונט,תל אביב,03-514-5555,info@discountbank.co.il,140+
בנק המזרחי טפחות,רמת גן,*8860,info@mizrahi-tefahot.co.il,130+
בנק הבינלאומי,תל אביב,03-519-6111,info@fibi.co.il,85+
אלטשולר שחם,תל אביב,*5054,info@as-invest.co.il,65+
פסגות בית השקעות,תל אביב,*3676,info@psagot.co.il,55+
קבוצת כדורי (Oto),בני ברק,*5151,info@kaduri.co.il,45+
שלב תובלה,מרכז,03-925-8222,info@shalev.co.il,85+
אגד (מרכז),מרכז,*2800,info@egged.co.il,2500+
דן (מרכז),מרכז,*3456,info@dan.co.il,1200+
מטרופולין,מרכז,*5900,info@metropoline.com,600+
קווים,מרכז,*2060,info@kavim-t.co.il,550+
אפיקים,מרכז,*5678,info@afikim-t.co.il,500+
סופרבוס,מרכז,*1-700-700-181,info@superbus.co.il,450+
אמנורי,נתניה,09-865-1111,info@amnori.co.il,25+
בי פט (BePet),מרכז,03-902-1111,info@bepet.co.il,25+
ביו-פט,מרכז,03-902-1111,info@biopet.co.il,45+
מעברות,מרכז,09-898-1111,info@maabarot.co.il,40+
דלתה,מרכז,03-608-1111,info@delta.co.il,40+
קבוצת נקש,מרכז,03-608-1111,info@nakash.co.il,45+
א.צ. טכנולוגיות,קדימה,09-899-1882,info@az-tech.co.il,30+
תדהר בנייה,רעננה,*3655,info@tidhar.co.il,95+
קבוצת חג'ג',תל אביב,03-608-1111,info@haggag.co.il,30+
ישראל קנדה,מרכז,03-754-1111,info@canada-israel.com,40+
קבוצת אורד (Orad),חולון,03-557-0000,info@orad.co.il,65+
אוליצקי עבודות עפר,חולון,03-550-8000,info@olizki.co.il,140+
ב. יאיר,מרכז,03-611-1111,info@b-yair.co.il,45+
אורתם סהר,מרכז,03-902-1111,info@ortam.co.il,55+
קבוצת נקש,מרכז,03-608-1111,info@nakash.co.il,35+
ניו-לוג,מרכז,03-550-1111,info@newlog.co.il,45+
מחסני השוק,מרכז,03-922-1111,info@shuk.co.il,35+
יינות ביתן,מרכז,03-922-1111,info@ybitan.co.il,50+
רמי לוי,מרכז,03-611-1111,info@rami-levy.co.il,65+
ויקטורי,מרכז,03-611-1111,info@victory.co.il,40+
ב.ג. מוקד,מרכז,03-550-1111,info@bg-moked.co.il,30+
מטיילי נס ציונה,נס ציונה,08-943-1111,info@nz-tours.co.il,25+
מטיילי רחובות,רחובות,08-944-1111,info@rehovot-tours.co.il,30+
מוניות חדרה,חדרה,04-633-1111,info@hadera-taxi.co.il,35+
מוניות נתניה,נתניה,09-861-1111,info@netanya-taxi.co.il,45+
מוניות פתח תקווה,פתח תקווה,03-930-1111,info@pt-taxi.co.il,55+
מטיילי ראשון,ראשון לציון,03-963-1111,info@rishon-tours.co.il,35+
יהודה רשתות,אשדוד/מרכז,08-856-1111,info@yehuda-nets.co.il,45+
פקר פלדה,מרכז,03-550-1111,info@paker.co.il,55+
חד אסף,מרכז,03-902-1111,info@had-asaf.co.il,45+
מיגון כבאות,מרכז,03-550-1111,info@fire-safe.co.il,25+
טלכור,מרכז,03-902-1111,info@telcor.co.il,20+
גמא ניהול,מרכז,03-550-1111,info@gama.co.il,25+
הראל ביטוח,רמת גן,03-754-7070,info@harel.co.il,80+
כלל ביטוח,תל אביב,*5454,info@clal.co.il,80+
ליברה ביטוח,חולון,*5252,info@libra.co.il,20+
אורד מערכות,חולון,03-557-0000,info@orad.co.il,45+
בינת תקשורת,מרכז,03-645-1111,info@bynet.co.il,90+
מלם תים,מרכז,03-925-1111,info@malam-team.co.il,110+
Matrix (מטריקס),מרכז,09-959-1111,info@matrix.co.il,130+
נס טכנולוגיות,מרכז,03-611-1111,info@ness.com,100+
וואן טכנולוגיות,מרכז,03-902-1111,info@one.co.il,90+
יוניליוור שירות,מרכז,1-800-780-780,info@unilever.co.il,55+
נטו שירות,מרכז,08-851-1111,info@neto.co.il,45+
אוריאל ואיתמר,נתניה,09-862-2211,office@uriel.co.il,45+
מנורה מערכות,חולון,03-557-7777,office@menora.co.il,55+
אלמור חשמל,חדרה,04-637-4141,info@el-mor.co.il,110+
מעבדות מילטון,נס ציונה,08-943-1111,info@milton.co.il,25+
מגנזיום מערכות,פתח תקווה,03-921-2222,info@magnesium.co.il,30+
טלפייר,פתח תקווה,03-970-0400,info@telefire.com,35+
ויקינג ישראל,מרכז,03-902-1111,info@viking.co.il,25+
רשף בטיחות,חולון,03-559-9955,office@reshef.co.il,30+
קבוצת סקופ,גדרה,08-863-1000,info@scope.co.il,65+
קבוצת עזריאלי,תל אביב,03-608-1111,info@azrieli.com,45+
אמות השקעות,מרכז,03-576-0500,info@amot.co.il,40+
מליסרון,מרכז,03-754-5454,info@melisron.co.il,35+
נכסי אריאל,מרכז,03-607-1111,info@ariel.co.il,30+
סנפיר שליחויות,נתניה,09-862-1111,info@snapir.co.il,25+
דוגה לוגיסטיקה,מרכז,03-550-1111,info@duga.co.il,30+
קראוון שליחויות,חולון,03-550-2222,info@caravan.co.il,25+
גל-ים הובלות,מרכז,03-961-1111,info@galyam.co.il,20+
אחים בוסקילה,מרכז,03-902-1111,info@buskila.co.il,40+
משהב,תל אביב,03-611-1111,info@mashab.co.il,35+
"רוטשטיין נדל""ן",נתניה,03-961-3333,info@rothstein.co.il,30+
פרשקובסקי,ראשון לציון,03-961-3333,office@prashkovsky.co.il,35+
יוסי אברהמי,מרכז,03-608-1111,info@yossi-a.co.il,30+
בוני התיכון,רמת גן,03-611-4444,info@bonay.co.il,25+
עמרם אברהם,חדרה,04-634-1111,office@amram.co.il,55+
מבני תעשייה,מרכז,03-611-1111,info@mivne.co.il,35+
גב-ים,מרכז,03-608-1111,info@gav-yam.co.il,30+
עיריית נתניה,נתניה,09-860-3333,moked@netanya.muni.il,110+
עיריית פתח תקווה,פתח תקווה,03-905-2222,moked@ptikva.org.il,130+
"עיריית ראשל""צ",ראשון לציון,03-963-4444,moked@rishon.muni.il,140+
עיריית חדרה,חדרה,106,moked@hadera.muni.il,80+
עיריית רחובות,רחובות,08-939-2106,moked@rehovot.muni.il,90+
מועצה עמק חפר,עמק חפר,09-898-1666,moked@hefer.org.il,45+
מגדל ביטוח,פתח תקווה,03-925-5555,info@migdal.co.il,55+
קבוצת תעבורה (תובלה),רמלה,08-927-9444,info@taavura.co.il,600+
מובילי דרור (הובלה),אשדוד,08-859-1111,office@dror.co.il,95+
פרידנזון הובלות,אשדוד,08-851-4111,info@fridenson.co.il,120+
שלב תובלה,מרכז,03-925-8222,info@shalev.co.il,85+
ביקור רופא (אמבולנסים),מרכז,*6101,info@bikurofe.co.il,45+
יוסי אמבולנס (צי רכב),חולון,03-551-2222,info@yossi-ambulance.co.il,35+
שגריר חילוץ וגרירה (צי),חולון,*3388,info@shagrir.co.il,160+
דרכים שירותי דרך (צי),מרכז,*2008,info@drachim.co.il,75+
מטיילי ירון בר (הסעות),נתניה,09-865-1111,office@yaron-bar.co.il,65+
הורן את ליבוביץ' (הסעות),מרכז,03-977-1111,office@horn.co.il,180+
מטיילי נס ציונה (הסעות),נס ציונה,08-943-1111,info@nz-tours.co.il,45+
מטיילי רחובות (הסעות),רחובות,08-944-1111,info@rehovot-tours.co.il,55+
שי לי הסעות (צי רכב),רחובות,08-941-1111,info@shili.co.il,35+
מאיה תור (הסעות),מרכז,03-961-4444,info@maya-tour.co.il,60+
מוניות קסטל (צי רכבים),תל אביב,03-699-1991,info@castel.co.il,110+
"מוניות הדר (נתב""ג)",לוד,03-971-1103,info@hadar-taxi.co.il,160+
מוניות נתניה (צי רכבים),נתניה,09-861-1111,info@netanya-taxi.co.il,65+
מוניות ראשון (צי רכבים),ראשון לציון,03-963-1111,info@rishon-taxi.co.il,75+
מוניות פתח תקווה (צי),פתח תקווה,03-930-1111,info@pt-taxi.co.il,85+
אגד (צי אוטובוסים מרכז),מרכז,*2800,info@egged.co.il,2500+
דן (צי אוטובוסים מרכז),מרכז,*3456,info@dan.co.il,1200+
מטרופולין (צי אוטובוסים),מרכז,*5900,info@metropoline.com,600+
קווים (צי אוטובוסים),מרכז,*2060,info@kavim-t.co.il,550+
אפיקים (צי אוטובוסים),מרכז,*5678,info@afikim-t.co.il,500+
סופרבוס (צי אוטובוסים),מרכז,*1-700-700-181,info@superbus.co.il,450+
מנרב הנדסה (צי רכב),מרכז,03-611-1111,info@minrav.co.il,110+
קבוצת רום (צי רכב),מרכז,03-609-1111,info@rom-group.co.il,45+
לסיכו (Lesico) צי רכב,חולון,03-557-0000,info@lesico.co.il,130+
אוליצקי תשתיות (צי רכב),חולון,03-550-8000,info@olizki.co.il,145+
אלמור חשמל (צי רכב),חדרה,04-637-4141,info@el-mor.co.il,115+
מנורה מערכות (צי רכב),חולון,03-557-7777,office@menora.co.il,75+
ישראליפט מעליות (צי),חולון,03-558-0555,info@isralift.co.il,130+
שינדלר נחושתן מעליות (צי),פתח תקווה,03-926-0000,info@schindler.com,115+
טיסנקרופ מעליות (צי),מרכז,03-920-1111,info@thyssenkrupp.co.il,95+
אלקטרה מעליות (צי רכב),מרכז,*2060,info@electra.co.il,160+
מעליות על-רד (צי רכב),פתח תקווה,03-922-2222,info@al-rad.co.il,65+
כור מעליות (צי רכב),בני ברק,03-617-1555,info@koresh.co.il,75+
רב בריח (צי רכב שירות),יבנה,1-800-800-100,info@rav-bariach.com,95+
דלתות פנדור (צי רכב),ראשון לציון,*2500,info@pandoor.co.il,45+
חוסם דלתות (צי רכב),מרכז,03-902-1111,info@chosam.co.il,35+
דלתות חמדיה (צי רכב),מרכז,04-637-1111,info@hamadia.co.il,30+
קלין קור (צי רכב),מרכז,03-609-1111,info@cleancore.co.il,45+
אמון ניקיון ואחזקה (צי),נתניה,09-860-1111,info@amon-clean.co.il,40+
קלינור שירותי ניקיון (צי),ראשון לציון,03-961-4455,info@cleanor.co.il,55+
מור חברה לניקיון (צי),פתח תקווה,03-924-4455,info@mor-clean.co.il,45+
G1 פתרונות אבטחה (צי),פתח תקווה,03-920-6666,info@g1-group.com,210+
צוות 3 אבטחה (צי רכב),רחובות,073-801-1690,info@t3group.co.il,195+
מוקד אמון אבטחה (צי רכב),נתניה,*9103,info@amon.co.il,115+
מוקד השומרים (צי רכב),חולון,03-557-5222,info@hashomrim.co.il,95+
שלג לבן אבטחה (צי רכב),נתניה,09-835-0111,office@sheleg.co.il,110+
עמישב אבטחה (צי רכב),תל אביב,03-605-2222,info@amishav.co.il,125+
T&M אבטחה (צי רכב),פתח תקווה,03-921-2244,info@tmisrael.co.il,190+
מוקד אנוש (צי רכב),מרכז,03-921-1111,info@enosh.co.il,45+
יהלום אבטחה (צי רכב),מרכז,03-619-1111,info@yahalom-sec.co.il,35+
ביטחון אזרחי (צי רכב),מרכז,03-902-1111,info@civil-sec.co.il,35+
מוקד 99 (צי רכב סיור),מרכז,03-550-1111,info@moked99.co.il,40+
נוף ים ביטחון (צי רכב),נתניה,09-861-1111,info@nof-yam.co.il,55+
ביטחון לאומי (צי רכב),מרכז,03-902-1111,info@nat-sec.co.il,45+
סקופ (Scope) לוגי,גדרה,08-863-1000,info@scope.co.il,65+
פרשקובסקי הנדסה,ראשון לציון,03-961-3333,info@prashkovsky.co.il,35+
Be פארם (צי הפצה),מרכז,03-902-1111,info@be-pharm.co.il,25+
Be (פארם) לוגיסטיקה,מרכז,03-902-1111,info@be-pharm.co.il,30+
פדקס ישראל (FedEx),"נתב""ג",1-700-700-333,info@fedex.co.il,140+
UPS ישראל (הפצה),"נתב""ג",1-700-700-877,info@ups.co.il,160+
DHL ישראל (הפצה),"נתב""ג",03-557-1111,info@dhl.com,130+
אוריאן לוגיסטיקה,חולון,03-918-9100,info@orian.com,210+
פליינג קרגו (שירות),צריפין,03-975-2222,info@fci.co.il,280+
מנטפילד (צי הפצה),"נתב""ג",03-977-1111,info@mentfield.com,100+
לוגיסטיקר (אחסנה),אשדוד,08-851-1111,info@logisticare.co.il,85+
מילניום לוגיסטיקה,מרכז,08-851-1111,info@millennium.co.il,140+
תעבורה (צי רכב קל),רמלה,08-927-9444,info@taavura.co.il,240+
אלבר (צי שינוע),חולון,*3100,info@albar.co.il,150+
אוויס (צי שינוע),לוד,*2722,info@avis.co.il,110+
שלמה סיקסט (שינוע),מרכז,*4944,info@shlomo.co.il,220+
הרץ (צי שינוע),פתח תקווה,*2000,info@hertz.co.il,120+
באדג'ט (צי שינוע),מרכז,03-623-0000,info@budget.co.il,75+
קבוצת לובינסקי,שורק,*3038,info@lubinski.co.il,130+
כלמוביל (שירות),פתח תקווה,*3700,info@colmobil.co.il,160+
מאיר מכוניות (שירות),ראשון לציון,*5757,info@mcar.co.il,140+
סמלת (שירות שטח),פתח תקווה,*8555,info@samelet.com,110+
קרסו מוטורס (שירות),ראשון לציון,*3575,info@carasso.co.il,120+
צ'מפיון מוטורס,בני ברק,*6522,info@champion.co.il,135+
יוניון מוטורס,מרכז,*2102,info@union-motors.co.il,95+
מכשירי תנועה (שירות),פתח תקווה,*3206,info@automotive.co.il,75+
UMI (שירות שטח),לוד,*9252,info@umi.co.il,95+
דלק מוטורס (שירות),ניר צבי,03-913-3333,info@delekmotors.co.il,85+
אלקטרה צריכה (שירות),"ראשל""צ",*2060,info@ecp.co.il,260+
מיניליין (שירות),פתח תקווה,03-925-1111,info@miniline.com,75+
ברימאג שירות שטח,חולון,*3520,info@brimag.co.il,85+
ניופאן שירות שטח,ראשון לציון,1-700-700-727,info@newpan.co.il,95+
ח.י. שירות שטח,כפר סבא,*6680,info@hye.co.il,90+
קריסטל שירות שטח,מרכז,1-700-500-200,info@crystal.co.il,65+
תדיראן (טכנאים),פתח תקווה,*1700,service@tadiran.co.il,170+
טורנדו (טכנאים),בני ברק,1-700-501-505,info@tornado.co.il,110+
אלקו התקנות חשמל,ראשון לציון,03-963-3333,info@elco.co.il,85+
משב הנדסת קירור,חולון,03-557-2222,info@mashav.com,80+
אקון הנדסה (שירות),נתניה,09-865-6444,info@acon.co.il,50+
ישראליפט מעליות,חולון,03-558-0555,info@isralift.co.il,160+
שינדלר נחושתן,פתח תקווה,03-926-0000,info@schindler.com,135+
טיסנקרופ מעליות,חולון,03-558-8555,info@tk.co.il,115+
כור מעליות שירות,בני ברק,03-617-1555,info@koresh.co.il,80+
معליות על-רד (צי),פתח תקווה,03-922-2222,info@alrad.co.il,65+
פזגז שירות טכנאים,פתח תקווה,03-920-4444,info@pazgas.co.il,135+
סופרגז שירות טכנאים,נתניה,09-830-8111,info@supergas.co.il,115+
אמישראגז שירות שטח,מרכז,*6252,info@amisragas.co.il,110+
דור אלון שירותי גז,הרצליה,09-950-0000,info@doralon.co.il,75+
סונול (צי לוגיסטי),נתניה,09-863-0000,info@sonol.co.il,95+
מקורות (צי מרכז),חולון,03-623-7111,info@mekorot.co.il,380+
حברת החשמל (מחוז),ארצי,103,info@iec.co.il,1400+
בזק (טכנאי שטח),מרכז,199,info@bezeq.co.il,1100+
הוט (טכנאי שטח),מרכז,*6900,info@hot.net.il,550+
יס (YES) טכנאי שטח,מרכז,*2080,info@yes.co.il,500+
קבוצת אשטרום (ניהול ואחזקה),מרכז,03-623-1411,info@ashtrom.co.il,180+
רדימיקס (צי מערבלי בטון ושירות),מרכז,03-928-1111,info@readymix.co.il,250+
הנסון ישראל (צי תובלה ושירות),מרכז,08-927-2222,info@hanson.co.il,220+
רביב הנדסה ותשתיות,נתניה,09-865-1111,info@raviv.co.il,45+
קבוצת יצחקי (צי פיקוח שטח),מרכז,03-961-1111,info@itzhaki.co.il,40+
אוליצקי עבודות עפר,חולון,03-550-8000,info@olizki.co.il,110+
חפירה וחצי (תשתיות),מרכז,03-902-1111,info@hafira.co.il,35+
טרמוקיר (צי סוכנים ושירות),נתניה,09-863-8333,info@thermokir.co.il,35+
טמבור (צי שיווק והפצה),נתניה,*6477,info@tambour.co.il,65+
נירלט (צי שיווק והפצה),נתניה,1-700-500-057,info@nirlat.com,50+
דלק ישראל (צי רכב מנהלי),נתניה,09-863-1111,info@delek.co.il,80+
דור אלון (צי רכב תפעולי),מרכז,09-950-0000,info@doralon.co.il,75+
פז (צי רכב ותפעול שטח),מרכז,09-863-1111,info@paz.co.il,120+
סונול (צי שטח ולוגיסטיקה),נתניה,09-863-0000,info@sonol.co.il,85+
בי פט (BePet) הפצה,מרכז,03-902-1111,info@bepet.co.il,25+
ביו-פט (צי הפצה),מרכז,03-902-1111,info@biopet.co.il,45+
معברות (צי סוכני שטח),מרכז,09-898-1111,info@maabarot.co.il,40+
אסם-נסטלה (צי סוכנים),שוהם,03-928-2222,info@osem.co.il,150+
שטראוס גרופ (צי מפיצים),פתח תקווה,*6860,info@strauss.co.il,180+
مחלבות גד (צי קירור),רחובות,08-933-2222,info@gad-dairy.co.il,95+
טרה (צי מפיצים וסוכנים),מרכז,1-700-703-333,info@tara.co.il,160+
נטו מלינדה (צי לוגיסטי),מרכז,08-851-1111,info@neto.co.il,130+
יוניליוור ישראל (צי רכב),"נתב""ג",1-800-780-780,info@unilever.co.il,140+
דיפלומט (צי סוכנים מורחב),מרכז,03-976-6666,info@diplomat.co.il,120+
סנו (צי שיווק ארצי),הוד השרון,09-747-3222,info@sano.co.il,110+
חוגלה קימברלי (צי רכב),בני ברק,03-617-6111,info@kcc.com,100+
קבוצת גולף (צי סוכנים),נתניה,09-892-3333,info@golf.co.il,45+
دלתה (צי רכב מנהלה),מרכז,03-608-1111,info@delta.co.il,40+
פוקס (FOX) צי רכב,מרכז,03-977-1111,info@fox.co.il,130+
קסטרו (צי רכב מנהלה),בת ים,03-555-4444,info@castro.co.il,75+
רנואר (צי רכב סוכנים),ראשון לציון,03-961-2222,info@renuar.co.il,65+
המשביר לצרכן (צי רכב),מרכז,03-608-1111,info@mashbir.co.il,50+
מקס סטוק (צי לוגיסטי),מרכז,03-611-2222,info@maxstock.co.il,50+
הום סנטר (צי אחזקה),מרכז,1-700-70-77-88,info@homecenter.co.il,40+
אייס (ACE) צי שירות,מרכז,1-700-700-054,info@ace.co.il,45+
מחסני חשמל (צי טכנאים),מרכז,1-700-50-40-50,info@payless.co.il,65+
שקם אלקטריק (צי שירות),מרכז,*6131,info@shekem.co.il,35+
טרקלין חשמל (צי שירות),מרכז,*6464,info@traklin.co.il,45+
אלקטרה מוצרי צריכה (צי),ראשון לציון,*2060,info@ecp.co.il,240+
ברימאג שירות (צי רכב),חולון,*3520,info@brimag.co.il,90+
ניופאן שירות (צי רכב),ראשון לציון,1-700-700-727,info@newpan.co.il,85+
ח.י. שירות (צי רכב),כפר סבא,*6680,info@hye.co.il,75+
תדיראן (צי רכב שירות),פתח תקווה,*1700,service@tadiran.co.il,130+
טורנדו (צי רכב שירות),בני ברק,1-700-501-505,info@tornado.co.il,95+
סימנס ישראל (צי הנדסה),ראש העין,09-854-1000,info@siemens.co.il,75+
ABB ישראל (צי שירות),פתח תקווה,03-920-9111,info@abb.co.il,50+
שניידר אלקטריק (צי שירות),נתניה,09-892-0200,info@se.com,60+
אלמור חשמל (צי תשתיות),חדרה,04-637-4141,info@el-mor.co.il,110+
أפקון (צי רכב בקרה),פתח תקווה,03-925-1333,info@afcon.co.il,120+
מנוליד חרות (צי שירות),פתח תקווה,03-921-2222,info@manolid.co.il,110+
לסיכו (Lesico) צי שירות,חולון,03-557-0000,info@lesico.co.il,115+
אוליצקי (צי תשתיות),חולון,03-550-8000,info@olizki.co.il,140+
دניה סיבוס (צי רכב הנדסי),אור יהודה,03-538-3111,info@denya.co.il,250+
שיכון ובינוי (צי פיקוח),"נתב""ג",03-630-3333,info@shikun.co.il,300+
שפיר הנדסה (צי פיקוח),פתח תקווה,03-915-1515,info@shapir.co.il,400+
אשטרום (צי רכב שטח),מרכז,03-623-1411,info@ashtrom.co.il,180+
אלקטרה בנייה (צי רכב),נתניה,074-717-5555,info@electra.co.il,210+
קבוצת אורון (צי רכב),נתניה,*5660,office@oron-group.co.il,100+
צאת השמש (צי סיור),מרכז,03-550-1111,info@sunrise.co.il,25+
מוקד אמון (צי סיור),נתניה,*9103,info@amon.co.il,110+
צוות 3 (צי סיור),רחובות,073-801-1690,info@t3group.co.il,190+
G1 אבטחה (צי סיור),פתח תקווה,03-920-6666,info@g1-group.com,160+
בן בטחון (צי סיור),נתניה,1-700-709-707,info@ben-bitachon.co.il,75+
שלג לבן (צי רכב),נתניה,09-835-0111,info@sheleg.co.il,90+
عמישב (צי סיור),מרכז,03-605-2222,info@amishav.co.il,115+
מוקד השומרים (צי סיור),חולון,03-557-5222,info@hashomrim.co.il,90+
T&M ישראל (צי סיור),פתח תקווה,03-921-2244,info@tmisrael.co.il,180+
מוקד ח.א.ש (צי סיור),גדרה,08-859-4222,info@hash.co.il,65+
HFD שליחויות (צי רכב),פתח תקווה,03-924-4441,info@hfd.co.il,135+
צ'יטה שליחויות (צי),נתניה,073-217-1717,info@chita.co.il,160+
أביב שיגור (צי רכב),חולון,03-655-2222,info@aviv.co.il,115+
תפוז שליחויות (צי),פתח תקווה,03-532-9648,info@tapuz.co.il,85+
אוריאן (צי לוגיסטי),חולון,03-918-9100,info@orian.com,210+
פליינג קרגו (צי לוגיסטי),צריפין,03-975-2222,info@fci.co.il,280+
שגריר חילוץ (צי שטח),חולון,*3388,info@shagrir.co.il,170+
פמי פרימיום (צי שירות),מרכז,03-565-3535,info@femi.com,95+
דרכים חילוץ (צי שטח),מרכז,*2008,info@drachim.co.il,75+
זברה שירותי דרך (צי),מרכז,03-613-0000,info@zebra.co.il,40+
פזגז (צי טכנאים),פתח תקווה,03-920-4444,info@pazgas.co.il,135+
سופרגז (צי טכנאים),נתניה,09-830-8111,info@supergas.co.il,115+
אמישראגז (צי טכנאים),מרכז,*6252,info@amisragas.co.il,110+
ישראליפט מעליות (צי),חולון,03-558-0555,info@isralift.co.il,160+
שינדלר נחושתן (צי),פתח תקווה,03-926-0000,info@schindler.com,135+
טיסנקרופ מעליות (צי),חולון,03-558-8555,info@tk.co.il,115+
כור מעליות (צי שירות),בני ברק,03-617-1555,info@koresh.co.il,80+
אלדן (צי שינוע רכבים),ניר צבי,*3003,info@eldan.co.il,140+
שלמה סיקסט (צי שינוע),מרכז,*4944,info@shlomo.co.il,220+
אלבר (צי שינוע רכבים),חולון,*3100,info@albar.co.il,150+
אוויס (צי שינוע רכבים),לוד,*2722,info@avis.co.il,110+
הרץ (צי שינוע רכבים),פתח תקווה,*2000,info@hertz.co.il,120+
יינות ביתן (צי הפצה),מרכז,03-922-1111,info@ybitan.co.il,55+
ויקטורי (צי הפצה),מרכז,03-611-1111,info@victory.co.il,45+
רמי לוי (צי לוגיסטי),מרכז,03-611-1111,info@rami-levy.co.il,65+
יוחננוף (צי הפצה),רחובות,08-944-1111,info@yochananof.co.il,75+
מחסני השוק (צי הפצה),מרכז,03-922-1111,info@shuk.co.il,40+
حצי חינם (צי לוגיסטי),חולון,03-502-1111,info@hazi-hinam.co.il,45+
סופר-פארם (צי הפצה),מרכז,09-972-5000,info@super-pharm.co.il,65+
Be פארם (צי הפצה),מרכז,03-902-1111,info@be-pharm.co.il,25+
ליימן שליסל (צי הפצה),יבנה,08-932-4444,info@l-s.co.il,95+
דיפלומט (צי הפצה),מרכז,03-976-6666,info@diplomat.co.il,210+
אסם-נסטלה (צי הפצה),שוהם,03-928-2222,info@osem.co.il,360+
שטראוס (צי הפצה),פתח תקווה,*6860,info@strauss.co.il,410+
תנובה (צי הפצה),רחובות,*6666,info@tnuva.co.il,550+
קוקה קולה (צי הפצה),בני ברק,*5050,info@cbc.co.il,460+
טמפו (צי הפצה),נתניה,09-863-0600,info@tempo.co.il,160+
יפאורה תבורי (צי הפצה),רחובות,08-933-3333,info@jafora.co.il,145+
نביעות (צי הפצה),נתניה,*1800-222-222,info@neviot.co.il,135+
מי עדן (צי הפצה),מרכז,*5335,info@mey-eden.co.il,140+
סנו (צי לוגיסטי),הוד השרון,09-747-3222,info@sano.co.il,120+
יוניליוור (צי לוגיסטי),מרכז,1-800-780-780,info@unilever.co.il,150+
טבע לוגיסטיקה,שוהם,03-926-7267,info@teva.co.il,260+
نوולוג (צי רכב),מודיעין,08-914-6000,info@novolog.co.il,115+
מקורות (צי מרכז),חולון,03-623-7111,info@mekorot.co.il,380+
حברת החשמל (צי מחוז),ארצי,103,info@iec.co.il,1400+
בזק (צי טכנאים),מרכז,199,info@bezeq.co.il,1100+
הוט (צי טכנאים),מרכז,*6900,info@hot.net.il,550+
יס (YES) טכנאים,מרכז,*2080,info@yes.co.il,500+
סלקום (צי טכנאים),נתניה,*3123,info@cellcom.co.il,430+
فرטנר (צי טכנאים),ראש העין,*54,info@partner.co.il,390+
מכבי שירותי בריאות,מרכז,*3555,info@maccabi.co.il,170+
כללית (צי שינוע),מרכז,*2700,info@clalit.co.il,260+
"מד""א (צי רכב)",ארצי,101,info@mda.org.il,1000+
רכבת ישראל (צי),לוד,03-693-3411,info@rail.co.il,210+
نמל אשדוד (צי רכב),אשדוד,08-851-7111,info@ashdodport.co.il,160+
נתיבי ישראל (צי),אור יהודה,*2120,info@iroads.co.il,130+
נתיבי איילון (צי),תל אביב,03-762-2222,info@ayalon.co.il,75+
דואר ישראל (צי),ארצי,171,info@postil.com,850+
פיקוח נתניה,נתניה,09-860-3333,moked@netanya.muni.il,50+
"פיקוח ראשל""צ",ראשון לציון,03-963-4444,moked@rishon.muni.il,65+
"פיקוח פ""ת",פתח תקווה,03-905-2222,moked@ptikva.org.il,60+
פיקוח רחובות,רחובות,08-939-2106,moked@rehovot.muni.il,45+
עיריית חולון (צי),חולון,03-502-7222,moked@holon.muni.il,75+
עיריית חדרה (צי),חדרה,106,moked@hadera.muni.il,80+
עיריית בת ים (צי),בת ים,03-555-9111,moked@bat-yam.muni.il,55+
עיריית גדרה (צי),גדרה,08-859-3555,moked@gedera.muni.il,30+
מי אביבים (צי),תל אביב,03-762-1111,info@mei-avivim.co.il,60+
מי ראשון (צי),ראשון לציון,03-963-1111,info@mei-rishon.co.il,45+
מי פתח תקווה (צי),פתח תקווה,03-905-1111,info@mei-pt.co.il,45+
מי חולון (צי),חולון,03-502-1111,info@mei-holon.co.il,45+
מי רחובות (צי),רחובות,08-939-2106,info@mei-rehovot.co.il,35+
מי נתניה (צי),נתניה,1-800-20-20-84,info@mei-netanya.co.il,40+
מי לוד (צי),לוד,08-927-1111,info@mei-lod.co.il,30+
מי רמלה (צי),רמלה,08-927-2222,info@mei-ramla.co.il,30+
איחוד הצלה (צי),ארצי,1221,info@1221.org.il,70+
יד שרה (צי),מרכז,*6444,info@yadsarah.org.il,45+
عזר מציון (צי),מרכז,*2710,info@ami.org.il,55+
רשות הטבע והגנים,מרכז,*3639,info@npa.org.il,60+
"קק""ל (צי מרכז)",מרכז,1-800-350-550,info@kkl.org.il,65+
קבוצת גולקס (תשתיות),מרכז,03-902-1212,info@golex.co.il,45+
א.צ. טכנולוגיות איטום,קדימה,09-899-1882,info@az-tech.co.il,30+
טרמוקיר תעשיות,נתניה,09-863-8333,info@thermokir.co.il,35+
אפקון בקרה ואוטומציה,פתח תקווה,03-925-1333,info@afcon.co.il,120+
موקד אמון סיירת,נתניה,*9103,info@amon.co.il,110+
צוות 3 סיור,רחובות,073-801-1690,info@t3group.co.il,190+
בן בטחון סיור,נתניה,1-700-709-707,info@ben-bitachon.co.il,75+
G1 אבטחה וטכנולוגיות,פתח תקווה,03-920-6666,info@g1-group.com,160+
T&M ישראל סיור,פתח תקווה,03-921-2244,info@tmisrael.co.il,180+
HFD לוגיסטיקה והפצה,פתח תקווה,03-924-4441,info@hfd.co.il,135+
צ'יטה משלוחים,נתניה,073-217-1717,info@chita.co.il,160+
אביב שיגור והפצה,חולון,03-655-2222,info@aviv.co.il,115+
תפוז שליחויות לוגיסטיקה,פתח תקווה,03-532-9648,info@tapuz.co.il,85+
אוריאן שירותי מכס,חולון,03-918-9100,info@orian.com,210+
פליינג קרגו לוגיסטיקה,צריפין,03-975-2222,info@fci.co.il,280+
UPS ישראל הפצה,"נתב""ג",1-700-700-877,info@ups.co.il,160+
פדקס (FedEx) הפצה,"נתב""ג",1-700-700-333,info@fedex.co.il,140+
DHL ישראל הפצה,"נתב""ג",03-557-1111,info@dhl.com,130+
שגריר שירותי רכב,חולון,*3388,info@shagrir.co.il,170+
פמי פרימיום שירות,מרכז,03-565-3535,info@femi.com,95+
דרכים שירותי דרך,מרכז,*2008,info@drachim.co.il,75+
فזגז שירות לקוחות,פתח תקווה,03-920-4444,info@pazgas.co.il,135+
סופרגז שירות לקוחות,נתניה,09-830-8111,info@supergas.co.il,115+
אמישראגז שירות לקוחות,מרכז,*6252,info@amisragas.co.il,110+
ישראליפט שירות מעליות,חולון,03-558-0555,info@isralift.co.il,160+
שינדלר נחושתן שירות,פתח תקווה,03-926-0000,info@schindler.com,135+
טיסנקרופ שירות מעליות,חולון,03-558-8555,info@tk.co.il,115+
כור מעליות אחזקה,בני ברק,03-617-1555,info@koresh.co.il,80+
אלדן (צי שינוע),ניר צבי,*3003,info@eldan.co.il,140+
שלמה סיקסט (צי שינוע),מרכז,*4944,info@shlomo.co.il,220+
אלבר (צי שינוע),חולון,*3100,info@albar.co.il,150+
אוויס (צי שינוע),לוד,*2722,info@avis.co.il,110+
הרץ (צי שינוע),פתח תקווה,*2000,info@hertz.co.il,120+
אסם-נסטלה (צי סוכנים),שוהם,03-928-2222,info@osem.co.il,360+
שטראוס (צי סוכנים),פתח תקווה,*6860,info@strauss.co.il,410+
تנובה (צי סוכנים),רחובות,*6666,info@tnuva.co.il,550+
קוקה קולה (צי סוכנים),בני ברק,*5050,info@cbc.co.il,460+
טמפו (צי סוכנים),נתניה,09-863-0600,info@tempo.co.il,160+
יפאורה תבורי (צי),רחובות,08-933-3333,info@jafora.co.il,145+
נביעות (צי הפצה),נתניה,*1800-222-222,info@neviot.co.il,135+
מי עדן (צי הפצה),מרכז,*5335,info@mey-eden.co.il,140+
سנו (צי סוכנים),הוד השרון,09-747-3222,info@sano.co.il,120+
יוניליוור (צי סוכנים),מרכז,1-800-780-780,info@unilever.co.il,150+
טבע (צי סוכנים),שוהם,03-926-7267,info@teva.co.il,260+
מקורות (צי טכנאים),חולון,03-623-7111,info@mekorot.co.il,380+
حברת החשמל (צי טכנאים),מרכז,103,info@iec.co.il,1400+
בזק (צי טכנאים),מרכז,199,info@bezeq.co.il,1100+
הוט (צי טכנאים),מרכז,*6900,info@hot.net.il,550+
יס (YES) טכנאים,מרכז,*2080,info@yes.co.il,500+
סלקום (צי טכנאים),נתניה,*3123,info@cellcom.co.il,430+
فرטנר (צי טכנאים),ראש העין,*54,info@partner.co.il,390+
מכבי (צי שינוע),מרכז,*3555,info@maccabi.co.il,170+
כללית (צי שינוע),מרכז,*2700,info@clalit.co.il,260+
רכבת ישראל (צי שירות),לוד,03-693-3411,info@rail.co.il,210+
نמל אשדוד (צי שירות),אשדוד,08-851-7111,info@ashdodport.co.il,160+
נתיבי ישראל (צי שטח),אור יהודה,*2120,info@iroads.co.il,130+
דואר ישראל (צי),ארצי,171,info@postil.com,850+
פיקוח נתניה עירוני,נתניה,09-860-3333,moked@netanya.muni.il,50+
"פיקוח ראשל""צ עירוני",ראשון לציון,03-963-4444,moked@rishon.muni.il,65+
"פיקוח פ""ת עירוני",פתח תקווה,03-905-2222,moked@ptikva.org.il,60+
פיקוח רחובות עירוני,רחובות,08-939-2106,moked@rehovot.muni.il,45+
עיריית חולון שירות,חולון,03-502-7222,moked@holon.muni.il,75+
عיריית חדרה שירות,חדרה,106,moked@hadera.muni.il,80+
מי אביבים שירות שטח,תל אביב,03-762-1111,info@mei-avivim.co.il,60+
מי ראשון שירות שטח,ראשון לציון,03-963-1111,info@mei-rishon.co.il,45+
מי פתח תקווה שטח,פתח תקווה,03-905-1111,info@mei-pt.co.il,45+
מי חולון שירות שטח,חולון,03-502-1111,info@mei-holon.co.il,45+
מי רחובות שירות שטח,רחובות,08-939-2106,info@mei-rehovot.co.il,35+
מי נתניה שירות שטח,נתניה,1-800-20-20-84,info@mei-netanya.co.il,40+
איחוד הצלה ניידות,ארצי,1221,info@1221.org.il,70+
יד שרה שינוע,מרכז,*6444,info@yadsarah.org.il,45+
عזר מציון שינוע,מרכז,*2710,info@ami.org.il,55+
רשות הטבע והגנים,מרכז,*3639,info@npa.org.il,60+
"קק""ל (צי שטח מרכז)",מרכז,1-800-350-550,info@kkl.org.il,65+
אלמור חשמל (תשתיות),חדרה,04-637-4141,info@el-mor.co.il,110+
מנורה מערכות (שירות),חולון,03-557-7777,office@menora.co.il,55+
אוריאל ואיתמר (חשמל),נתניה,09-862-2211,office@uriel.co.il,45+
ביקור רופא (ניידות),מרכז,*6101,info@bikurofe.co.il,35+
טלפייר (Telefire),פתח תקווה,03-970-0400,info@telefire.com,35+
רשף בטיחות (שירות),חולון,03-559-9955,office@reshef.co.il,30+
קבוצת סקופ (Scope),גדרה,08-863-1000,info@scope.co.il,65+
עמרם אברהם בנייה,חדרה,04-634-1111,office@amram.co.il,55+
فرשקובסקי (הנדסה),ראשון לציון,03-961-3333,office@prashkovsky.co.il,35+
בוני התיכון הנדסה,מרכז,03-611-4444,info@bonay.co.il,25+
סופר-פארם לוגיסטיקה,מרכז,09-972-5000,info@super-pharm.co.il,60+
מאפה דה קוואליטי,מרכז,03-902-1111,info@quality.co.il,20+
عלית-שטראוס הפצה,מרכז,*6860,info@strauss.co.il,100+
אסם-סחר הפצה,שוהם,03-928-2222,info@osem.co.il,120+
שטראוס-מים שירות,מרכז,*6944,info@tami4.co.il,160+
אלקטרה-מיזוג שירות,"ראשל""צ",*1222,info@electra.co.il,200+
تדיראן-גרופ שירות,"פ""ת",*1700,info@tadiran.co.il,140+
ברימאג-שירות לקוחות,חולון,*3520,info@brimag.co.il,85+
ניופאן-שירות לקוחות,"ראשל""צ",1-700-700-727,info@newpan.co.il,95+
ח.י. אלקטרוניקה שירות,כפר סבא,*6680,info@hye.co.il,90+
קריסטל שירות לקוחות,מרכז,1-700-500-200,info@crystal.co.il,65+
מיניליין שירות שטח,"פ""ת",03-925-1111,info@miniline.com,75+
טורנדו שירות שטח,בני ברק,1-700-501-505,info@tornado.co.il,110+
אלקו התקנות (צי),"ראשל""צ",03-963-3333,info@elco.co.il,85+
משב הנדסת קירור,חולון,03-557-2222,info@mashav.com,80+
אקון הנדסה (שירות),נתניה,09-865-6444,info@acon.co.il,50+
منוליד חרות (צי),"פ""ת",03-921-2222,info@manolid.co.il,90+
לסיכו תשתיות (צי),חולון,03-557-0000,info@lesico.co.il,120+
אוליצקי הנדסה (צי),חולון,03-550-8000,info@olizki.co.il,140+
ישראליפט מעליות (צי),חולון,03-558-0555,info@isralift.co.il,160+
שינדלר מעליות (צי),"פ""ת",03-926-0000,info@schindler.com,135+
טיסנקרופ מעליות (צי),חולון,03-558-8555,info@tk.co.il,115+
פזגז טכנאים (צי),"פ""ת",03-920-4444,info@pazgas.co.il,135+
סופרגז טכנאים (צי),נתניה,09-830-8111,info@supergas.co.il,115+
אמישראגז טכנאים (צי),מרכז,*6252,info@amisragas.co.il,110+
סונול לוגיסטיקה (צי),נתניה,09-863-0000,info@sonol.co.il,95+
מקורות מרכז (צי),חולון,03-623-7111,info@mekorot.co.il,380+
חברת החשמל מרכז (צי),ארצי,103,info@iec.co.il,1400+
بזק טכנאים מרכז (צי),ארצי,199,info@bezeq.co.il,1100+
הוט טכנאים מרכז (צי),ארצי,*6900,info@hot.net.il,550+
יס (YES) טכנאים (צי),ארצי,*2080,info@yes.co.il,500+
סלקום טכנאים (צי),נתניה,*3123,info@cellcom.co.il,430+
فرטנר טכנאים (צי),ראש העין,*54,info@partner.co.il,390+
כללית שינוע מרכז (צי),ארצי,*2700,info@clalit.co.il,260+
"מד""א מרכז (צי)",ארצי,101,info@mda.org.il,1000+
رכבת ישראל שירות (צי),לוד,03-693-3411,info@rail.co.il,210+
נתיבי ישראל שטח (צי),ארצי,*2120,info@iroads.co.il,130+
דואר ישראל הפצה (צי),ארצי,171,info@postil.com,850+
פיקוח נתניה עירוני,נתניה,09-860-3333,moked@netanya.muni.il,50+
"פיקוח ראשל""צ עירוני","ראשל""צ",03-963-4444,moked@rishon.muni.il,65+
"פיקוח פ""ת עירוני","פ""ת",03-905-2222,moked@ptikva.org.il,60+
פיקוח רחובות עירוני,רחובות,08-939-2106,moked@rehovot.muni.il,45+
מי אביבים שטח (צי),"ת""א",03-762-1111,info@mei-avivim.co.il,60+
מי ראשון שטח (צי),"ראשל""צ",03-963-1111,info@mei-rishon.co.il,45+
מי פתח תקווה שטח (צי),"פ""ת",03-905-1111,info@mei-pt.co.il,45+
מי חולון שטח (צי),חולון,03-502-1111,info@mei-holon.co.il,45+
מי נתניה שטח (צי),נתניה,1-800-20-20-84,info@mei-netanya.co.il,40+
איחוד הצלה שטח (צי),ארצי,1221,info@1221.org.il,70+
יד שרה שינוע (צי),ארצי,*6444,info@yadsarah.org.il,45+
عזר מציון שינוע (צי),ארצי,*2710,info@ami.org.il,55+
רשות הטבע והגנים (צי),ארצי,*3639,info@npa.org.il,60+
"קק""ל שטח מרכז (צי)",מרכז,1-800-350-550,info@kkl.org.il,65+
קבוצת אלמור (צי),חדרה,04-637-4141,info@el-mor.co.il,110+
מנורה מערכות שירות,חולון,03-557-7777,info@menora.co.il,55+
אוריאל ואיתמר חשמל,נתניה,09-862-2211,info@uriel.co.il,45+
ביקור רופא ניידות,מרכז,*6101,info@bikurofe.co.il,35+
טלפייר (Telefire) צי,"פ""ת",03-970-0400,info@telefire.com,35+
רשף בטיחות שירות,חולון,03-559-9955,info@reshef.co.il,30+
סקופ (Scope) לוגי,גדרה,08-863-1000,info@scope.co.il,65+
עמרם אברהם בנייה,חדרה,04-634-1111,info@amram.co.il,55+
فرשקובסקי הנדסה,"ראשל""צ",03-961-3333,info@prashkovsky.co.il,35+
בוני התיכון הנדסה,מרכז,03-611-4444,info@bonay.co.il,25+
סופר-פארם לוגיסטיקה,מרכז,09-972-5000,info@super-pharm.co.il,60+
קבוצת נקש (ניהול ואחזקה),מרכז,03-608-1111,info@nakash.co.il,45+
מטיילי שרון (הסעות),נתניה,09-862-3333,info@hasharon.co.il,35+
א.צ. טכנולוגיות בנייה,קדימה,09-899-1882,info@az-tech.co.il,30+
י.ח דמרי (צי הנדסה),מרכז,08-944-1111,info@dimri.co.il,85+
צמח המרמן (פיקוח שטח),מרכז,03-608-5111,info@cmh.co.il,35+
תדהר בנייה (צי שירות),רעננה,*3655,info@tidhar.co.il,95+
קבוצת חג'ג' (ניהול),תל אביב,03-608-1111,info@haggag.co.il,30+
ישראל קנדה (אחזקה),מרכז,03-754-1111,info@canada-israel.com,40+
בוני התיכון (פיקוח),מרכז,03-611-4444,info@bonay.co.il,35+
"רוטשטיין נדל""ן (שירות)",נתניה,03-961-3333,info@rothstein.co.il,35+
أפריקה ישראל (צי רכב),יהוד,03-539-3333,info@africa-israel.com,120+
נכסי אריאל (ניהול ציים),מרכז,03-607-1111,info@ariel.co.il,45+
מליסרון (ניהול ואחזקה),מרכז,03-754-5454,info@melisron.co.il,55+
אמות השקעות (אחזקה),מרכז,03-576-0500,info@amot.co.il,50+
"מבנה נדל""ן (צי אחזקה)",מרכז,03-611-1111,info@mivne.co.il,65+
גב-ים (אחזקת מבנים),מרכז,03-608-1111,info@gav-yam.co.il,40+
קבוצת עזריאלי (אחזקה),תל אביב,03-608-1111,info@azrieli.com,60+
שיכון ובינוי (תשתיות),"נתב""ג",03-630-3333,info@shikun.co.il,280+
نתיבי איילון (פיקוח),מרכז,03-762-2222,info@ayalon.co.il,80+
נתיבי ישראל (שירות שטח),מרכז,*2120,info@iroads.co.il,140+
מי רעננה (טכנאים),רעננה,09-775-0600,info@mei-raanana.co.il,25+
מי נתניה (טכנאים),נתניה,1-800-20-20-84,info@mei-netanya.co.il,35+
מי ראשון (טכנאים),ראשון לציון,03-963-1111,info@mei-rishon.co.il,45+
מי פתח תקווה (טכנאים),פתח תקווה,03-905-1111,info@mei-pt.co.il,45+
מי חולון (טכנאים),חולון,03-502-1111,info@mei-holon.co.il,45+
מי רחובות (טכנאים),רחובות,08-939-2106,info@mei-rehovot.co.il,40+
מי גבעתיים (טכנאים),גבעתיים,03-572-1111,info@mei-gv.co.il,25+
מי רמת גן (טכנאים),רמת גן,03-675-1111,info@mei-rg.co.il,35+
מי הוד השרון (טכנאים),הוד השרון,09-775-1111,info@mei-hod.co.il,25+
מי הרצליה (טכנאים),הרצליה,09-959-1111,info@mei-herz.co.il,30+
מי מודיעין (טכנאים),מודיעין,08-914-1111,info@mei-modin.co.il,35+
מי שוהם (טכנאים),שוהם,03-972-1111,info@mei-shoham.co.il,20+
מי יבנה (טכנאים),יבנה,08-942-1111,info@mei-yavne.co.il,25+
מי נס ציונה (טכנאים),נס ציונה,08-943-1111,info@mei-nz.co.il,25+
מי לוד (טכנאים),לוד,08-927-1111,info@mei-lod.co.il,30+
מי רמלה (טכנאים),רמלה,08-927-2222,info@mei-ramla.co.il,30+
מי אלעד (טכנאים),אלעד,03-909-1111,info@mei-elad.co.il,20+
מי קרית אונו (טכנאים),קרית אונו,03-535-1111,info@mei-ono.co.il,25+
أוליצקי הנדסה (צי),חולון,03-550-8000,info@olizki.co.il,135+
לסיכו תשתיות (צי),חולון,03-557-0000,info@lesico.co.il,115+
אלמור חשמל (צי שטח),חדרה,04-637-4141,info@el-mor.co.il,120+
אפקון בקרה (צי רכב),פתח תקווה,03-925-1333,info@afcon.co.il,110+
מנוליד חרות (צי שטח),פתח תקווה,03-921-2222,info@manolid.co.il,95+
טלפייר (צי שירות),פתח תקווה,03-970-0400,info@telefire.com,45+
ויקינג ישראל (כיבוי),מרכז,03-902-1111,info@viking.co.il,30+
רשף בטיחות (צי רכב),חולון,03-559-9955,office@reshef.co.il,45+
מגנזיום מערכות (צי),פתח תקווה,03-921-2222,info@magnesium.co.il,35+
קבוצת סקופ (צי הפצה),גדרה,08-863-1000,info@scope.co.il,75+
وולטה סולאר (צי שטח),מרכז,03-902-4444,info@volta.co.il,45+
ענבר אנרגיה (צי שטח),נתניה,09-865-8888,info@inbar.co.il,40+
סולאראדג' (צי שירות),מרכז,09-957-6555,info@solaredge.com,85+
דוראל אנרגיה (צי שטח),מרכז,03-611-1111,info@doral-energy.com,45+
אנלייט אנרגיה (צי שטח),מרכז,03-900-1111,info@enlightenergy.co.il,40+
"מד""א (צי רכב מרכז)",ארצי,*101,info@mda.org.il,1200+
איחוד הצלה (ניידות),ארצי,1221,info@1221.org.il,95+
יד שרה (צי שינוע),מרכז,*6444,info@yadsarah.org.il,55+
عזר מציון (צי שינוע),מרכז,*2710,info@ami.org.il,65+
ביקור רופא (ניידות),מרכז,*6101,info@bikurofe.co.il,45+
יוסי אמבולנס (צי),חולון,03-551-2222,info@yossi-ambulance.co.il,35+
חברת החשמל (מרכז),ארצי,103,info@iec.co.il,1500+
مקורות (צי שטח מרכז),חולון,03-623-7111,info@mekorot.co.il,350+
בזק (צי טכנאים),מרכז,199,info@bezeq.co.il,1000+
הוט (צי טכנאים),מרכז,*6900,info@hot.net.il,500+
יס (YES) טכנאים,מרכז,*2080,info@yes.co.il,450+
סלקום (טכנאים מרכז),נתניה,*3123,info@cellcom.co.il,380+
פרטנר (טכנאים מרכז),ראש העין,*54,info@partner.co.il,350+
רכבת ישראל (צי שירות),לוד,03-693-3411,info@rail.co.il,240+
נמל אשדוד (צי שירות),אשדוד,08-851-7111,info@ashdodport.co.il,180+
دואר ישראל (צי רכב),ארצי,171,info@postil.com,900+
פיקוח נתניה (עירוני),נתניה,09-860-3333,moked@netanya.muni.il,50+
"פיקוח ראשל""צ (עירוני)",ראשון לציון,03-963-4444,moked@rishon.muni.il,70+
"פיקוח פ""ת (עירוני)",פתח תקווה,03-905-2222,moked@ptikva.org.il,65+
פיקוח רחובות (עירוני),רחובות,08-939-2106,moked@rehovot.muni.il,50+
עיריית חולון (צי שטח),חולון,03-502-7222,moked@holon.muni.il,80+
עיריית חדרה (צי שטח),חדרה,106,moked@hadera.muni.il,85+
מועצה עמק חפר (צי),עמק חפר,09-898-1666,moked@hefer.org.il,50+
מיקוד אבטחה (צי רכב),מרכז,03-605-2222,info@mikud.co.il,140+
צוות 3 אבטחה (צי),רחובות,073-801-1690,info@t3group.co.il,200+
G1 אבטחה (צי רכב),פתח תקווה,03-920-6666,info@g1-group.com,180+
מוקד אמון (צי סיור),נתניה,*9103,info@amon.co.il,120+
שלג לבן (צי רכב),נתניה,09-835-0111,info@sheleg.co.il,95+
عמישב אבטחה (צי),מרכז,03-605-2222,info@amishav.co.il,120+
T&M ישראל (צי סיור),פתח תקווה,03-921-2244,info@tmisrael.co.il,190+
HFD שליחויות (צי),פתח תקווה,03-924-4441,info@hfd.co.il,140+
צ'יטה שליחויות (צי),נתניה,073-217-1717,info@chita.co.il,170+
أביב שיגור (צי רכב),חולון,03-655-2222,info@aviv.co.il,120+
תפוז שליחויות (צי),פתח תקווה,03-532-9648,info@tapuz.co.il,90+
אוריאן לוגיסטיקה (צי),חולון,03-918-9100,info@orian.com,230+
פליינג קרגו (צי לוגי),צריפין,03-975-2222,info@fci.co.il,300+
דיפלומט הפצה (צי),שדה תעופה,03-976-6666,info@diplomat.co.il,230+
אסם הפצה (צי רכב),שוהם,03-928-2222,info@osem.co.il,380+
שטראוס הפצה (צי רכב),פתח תקווה,*6860,info@strauss.co.il,450+
تנובה הפצה (צי רכב),רחובות,*6666,info@tnuva.co.il,600+
קוקה קולה (צי הפצה),בני ברק,*5050,info@cbc.co.il,500+
טמפו (צי הפצה),נתניה,09-863-0600,info@tempo.co.il,180+
יפאורה תבורי (צי),רחובות,08-933-3333,info@jafora.co.il,155+
נביעות (צי הפצה),נתניה,*1800-222-222,info@neviot.co.il,145+
מי עדן (צי הפצה),מרכז,*5335,info@mey-eden.co.il,150+
סנו (צי לוגיסטי),הוד השרון,09-747-3222,info@sano.co.il,135+
יוניליוור (צי לוגי),מרכז,1-800-780-780,info@unilever.co.il,170+
טבע לוגיסטיקה (צי),שוהם,03-926-7267,info@teva.co.il,280+
نوולוג (צי הפצה),מודיעין,08-914-6000,info@novolog.co.il,130+
סופר-פארם (צי הפצה),מרכז,09-972-5000,info@super-pharm.co.il,80+
ליימן שליסל (הפצה),יבנה,08-932-4444,info@l-s.co.il,105+
יוחננוף (צי לוגי),רחובות,08-944-1111,info@yochananof.co.il,85+
ויקטורי (צי לוגי),מרכז,03-611-1111,info@victory.co.il,55+
רמי לוי (צי לוגי),מרכז,03-611-1111,info@rami-levy.co.il,80+
חצי חינם (צי לוגי),חולון,03-502-1111,info@hazi-hinam.co.il,55+
יינות ביתן (צי לוגי),מרכז,03-922-1111,info@ybitan.co.il,65+
אלדן (צי שינוע),ניר צבי,*3003,info@eldan.co.il,150+
שלמה סיקסט (שינוע),מרכז,*4944,info@shlomo.co.il,250+
אלבר (צי שינוע),חולון,*3100,info@albar.co.il,160+
אוויס (צי שינוע),לוד,*2722,info@avis.co.il,120+
הרץ (צי שינוע),פתח תקווה,*2000,info@hertz.co.il,130+
שגריר חילוץ (צי שטח),חולון,*3388,info@shagrir.co.il,180+
פמי פרימיום (צי שירות),מרכז,03-565-3535,info@femi.com,100+
דרכים חילוץ (צי שטח),מרכז,*2008,info@drachim.co.il,85+
אלקטרה שירות (צי),נס ציונה,08-943-3333,info@electra.co.il,350+
תדיראן שירות (צי),פתח תקווה,*1700,service@tadiran.co.il,150+
טורנדו שירות (צי),בני ברק,1-700-501-505,info@tornado.co.il,100+
ברימאג שירות (צי),חולון,*3520,info@brimag.co.il,95+
ניופאן שירות (צי),ראשון לציון,1-700-700-727,info@newpan.co.il,90+
ح.י. שירות (צי רכב),כפר סבא,*6680,info@hye.co.il,85+
קבוצת אורד (Orad) מערכות,חולון,03-557-0000,info@orad.co.il,65+
מערכות נוח (מיזוג מוסדי),נתניה,09-885-0444,info@noach.co.il,35+
رולניק מערכות אלקטרומכניות,חולון,03-550-9111,office@rolnick.co.il,45+
קירור בני (שירות מוסדי),חולון,03-556-4444,info@benny-ref.co.il,30+
منוליד חרות מערכות,פתח תקווה,03-921-2222,office@manolid.co.il,110+
אקון הנדסה (מיזוג וחשמל),נתניה,09-865-6444,info@acon.co.il,55+
אלקו התקנות ושירות,ראשון לציון,03-963-3333,info@elco.co.il,75+
אוליצקי עבודות עפר ותשתיות,חולון,03-550-8000,info@olizki.co.il,140+
حירם זאבי (סלילה ותשתיות),פתח תקווה,03-921-1222,hiram@hiram.co.il,45+
מי רעננה (שירות שטח),רעננה,09-775-0600,info@mei-raanana.co.il,25+
מי נתניה (שירות שטח),נתניה,1-800-20-20-84,info@mei-netanya.co.il,35+
מי ראשון (שירות שטח),ראשון לציון,03-963-1111,info@mei-rishon.co.il,45+
מי פתח תקווה (שירות שטח),פתח תקווה,03-905-1111,info@mei-pt.co.il,45+
מי חולון (שירות שטח),חולון,03-502-1111,info@mei-holon.co.il,45+
מי רחובות (שירות שטח),רחובות,08-939-2106,info@mei-rehovot.co.il,40+
מי נס ציונה (שירות שטח),נס ציונה,08-943-1111,info@mei-nz.co.il,25+
מי לוד (שירות שטח),לוד,08-927-1111,info@mei-lod.co.il,30+
מי רמלה (שירות שטח),רמלה,08-927-2222,info@mei-ramla.co.il,30+
מי מודיעין (שירות שטח),מודיעין,08-914-1111,info@mei-modin.co.il,35+
מי שוהם (שירות שטח),שוהם,03-972-1111,info@mei-shoham.co.il,20+
מי יבנה (שירות שטח),יבנה,08-942-1111,info@mei-yavne.co.il,25+
מי אלעד (שירות שטח),אלעד,03-909-1111,info@mei-elad.co.il,20+
קבוצת כרמל אולפינים,מרכז,04-846-6011,info@bazan.co.il,90+ רכבים
מפעלי חמצן וארגון,קיסריה,04-627-1111,info@oxygen.co.il,55+ רכבים
דקסל פארמה (צי רכב),נתניה,09-863-6888,info@dexcel.com,110+ רכבים
יוניפארם (שירות שטח),כפר סבא,09-764-4444,info@unipharm.co.il,45+ רכבים
פריגו ישראל (צי לוגיסטי),מרכז,03-611-1111,info@perrigo.co.il,130+ רכבים
אלביט מערכות (אחזקה),נתניה/רחובות,08-939-1111,info@elbitsystems.com,350+ רכבים
רפאל (צי שירות מרכז),מרכז,03-611-1111,info@rafael.co.il,150+ רכבים
התעשייה האווירית (צי לוגי),"נתב""ג",03-935-3111,info@iai.co.il,800+ רכבים
אורמת טכנולוגיות,יבנה,08-943-5000,info@ormat.com,120+ רכבים
קבוצת ברן (הנדסה),מרכז,03-977-7000,info@baran.co.il,110+ רכבים
אביב ייזום בנייה,מרכז,03-608-1111,info@aviv.co.il,45+ רכבים
קבוצת אלייד (ניהול),מרכז,03-902-1111,info@allied.co.il,55+ רכבים
מאיר חברה למכוניות,מרכז,*5155,info@mcar.co.il,140+ רכבים
כלמוביל יבוא ושירות,פתח תקווה,*3700,info@colmobil.co.il,180+ רכבים
צ'מפיון מוטורס שירות,בני ברק,*6522,info@champion.co.il,135+ רכבים
לובינסקי (צי טכנאים),שורק,*3038,info@lubinski.co.il,120+ רכבים
יו.אמ.אי (UMI) שירות,לוד,*9252,info@umi.co.il,110+ רכבים
סמלת יבוא ושירות,פתח תקווה,*8555,info@samelet.com,120+ רכבים
מכשירי תנועה (סוזוקי),פתח תקווה,*3206,info@suzuki.co.il,95+ רכבים
דלק מוטורס שירות שטח,ניר צבי,03-913-3333,info@delekmotors.co.il,85+ רכבים
קבוצת קרסו (שירות),ראשון לציון,*3575,info@carasso.co.il,130+ רכבים
קמור רכב (צי מנהלים),מרכז,03-902-1111,info@kamor.co.il,35+ רכבים
סובארו ישראל (שירות),מרכז,*8555,info@subaru.co.il,55+ רכבים
פורד ישראל (שירות שטח),מרכז,*3333,info@ford.co.il,65+ רכבים
שברולט ישראל (שירות),לוד,*9252,info@chevrolet.co.il,75+ רכבים
הונדה ישראל (שירות),מרכז,*5155,info@honda.co.il,60+ רכבים
יונדאי שירות שטח,פתח תקווה,*3700,info@hyundai.co.il,110+ רכבים
קיה שירות טכני,מרכז,*8555,info@kia.co.il,90+ רכבים
סקודה ישראל (שירות),מרכז,*6522,info@skoda.co.il,80+ רכבים
פולקסווגן (צי שירות),מרכז,*6522,info@vw.co.il,70+ רכבים
סיאט ישראל (שירות),מרכז,*6522,info@seat.co.il,55+ רכבים
אאודי ישראל (שירות),מרכז,*6522,info@audi.co.il,45+ רכבים
מרצדס שירות (כלמוביל),פתח תקווה,*3700,info@mercedes.co.il,65+ רכבים
ב.מ.וו שירות (דלק),מרכז,03-913-3333,info@bmw.co.il,55+ רכבים
וולוו שירות (מאיר),מרכז,*5155,info@volvo.co.il,65+ רכבים
מיצובישי שירות שטח,מרכז,*3700,info@mitsubishi.co.il,60+ רכבים
ניסאן ישראל (שירות),ראשון לציון,*3575,info@nissan.co.il,70+ רכבים
פיג'ו ישראל (שירות),שורק,*3038,info@peugeot.co.il,65+ רכבים
סיטרואן ישראל (שירות),שורק,*3038,info@citroen.co.il,60+ רכבים
רנו שירות טכני,ראשון לציון,*3575,info@renault.co.il,85+ רכבים
אופל ישראל (שירות),מרכז,03-902-1111,info@opel.co.il,45+ רכבים
ג'יפ ישראל (שירות),מרכז,*8555,info@jeep.co.il,50+ רכבים
לקסוס ישראל (שירות),מרכז,*2102,info@lexus.co.il,35+ רכבים
מזדה ישראל (שירות שטח),ניר צבי,03-913-3333,info@mazda.co.il,90+ רכבים
לנד רובר שירות (המזרח),מרכז,*6333,info@landrover.co.il,45+ רכבים
יגואר ישראל (שירות),מרכז,*6333,info@jaguar.co.il,30+ רכבים
סוזוקי שירות טכני,מרכז,*3206,info@suzuki.co.il,70+ רכבים
איסוזו שירות שטח,לוד,*9252,info@isuzu.co.il,85+ רכבים
פיאט ישראל (שירות),מרכז,*8555,info@fiat.co.il,50+ רכבים
אלפא רומיאו (שירות),מרכז,*8555,info@alfaromeo.co.il,35+ רכבים
קדילאק ישראל (שירות),מרכז,*9252,info@cadillac.co.il,40+ רכבים
בי.וואי.די (BYD) שירות,מרכז,*2102,info@byd.co.il,45+ רכבים
טסלה ישראל (שירות שטח),מרכז,03-902-1111,info@tesla.com,50+ רכבים
ג'ילי (Geely) שירות,מרכז,*2102,info@geely.co.il,40+ רכבים
צ'רי (Chery) שירות,מרכז,*3575,info@chery.co.il,35+ רכבים
יו-די טראקס (משאיות),מרכז,08-927-9444,info@taavura.co.il,110+ רכבים
סקאניה ישראל (שירות),מרכז,03-902-1111,info@scania.co.il,130+ רכבים
וולוו משאיות (שירות),מרכז,*5155,info@volvo-trucks.co.il,150+ רכבים
דאף (DAF) שירות שטח,מרכז,*3700,info@daf.co.il,120+ רכבים
מנ (MAN) שירות שטח,מרכז,*3038,info@man.co.il,115+ רכבים
איווקו שירות שטח,מרכז,*8555,info@iveco.co.il,95+ רכבים
רנו משאיות (שירות),מרכז,*3575,info@renault-trucks.co.il,85+ רכבים
מרצדס משאיות (שירות),מרכז,*3700,info@mercedes-trucks.co.il,110+ רכבים
הינו (Hino) שירות שטח,מרכז,*2102,info@hino.co.il,55+ רכבים
פוסי (Fuso) שירות שטח,מרכז,*3700,info@fuso.co.il,65+ רכבים
קנוורת' ישראל (שירות),מרכז,03-902-1111,info@kenworth.co.il,40+ רכבים
מק (Mack) שירות שטח,מרכז,03-902-1111,info@mack.co.il,45+ רכבים
שירותי דרך גלעד,מרכז,03-550-1111,info@gilad-service.co.il,35+ רכבים
גרירת השפלה,מרכז,08-927-1111,info@hashpela.co.il,30+ רכבים
גרר המרכז (צי רכב),מרכז,03-611-1111,info@center-tow.co.il,45+ רכבים
חילוץ שרון (צי רכב),נתניה,09-861-1111,info@sharon-rescue.co.il,40+ רכבים
חילוץ גוש דן,מרכז,03-902-1111,info@dan-rescue.co.il,55+ רכבים
גורר הדרום (גדרה),גדרה,08-859-1111,info@south-tow.co.il,30+ רכבים
סופר גרירה,מרכז,03-550-1111,info@super-tow.co.il,35+ רכבים
חילוץ מהיר,מרכז,03-611-1111,info@fast-rescue.co.il,25+ רכבים
מובילי נתניה (צי רכב),נתניה,09-865-1111,info@netanya-log.co.il,45+ רכבים
הובלות פתח תקווה,פתח תקווה,03-921-1111,info@pt-log.co.il,35+ רכבים
הובלות ראשון (צי),ראשון לציון,03-961-1111,info@rishon-log.co.il,45+ רכבים
לוגיסטיקה השרון,נתניה,09-862-1111,info@sharon-log.co.il,50+ רכבים
שינוע המרכז (צי רכב),מרכז,03-550-1111,info@center-moving.co.il,40+ רכבים
מובילי המרכז (צי),מרכז,03-611-1111,info@center-hauling.co.il,45+ רכבים
הובלות יבנה (צי רכב),יבנה,08-942-1111,info@yavne-log.co.il,35+ רכבים
לוגיסטיקה רחובות,רחובות,08-944-1111,info@rehovot-log.co.il,35+ רכבים
שינוע מהיר (צי רכב),מרכז,03-902-1111,info@fast-moving.co.il,30+ רכבים
לוגיסטיקה דרום,גדרה,08-859-1111,info@south-log.co.il,40+ רכבים
מובילי השרון (צי),נתניה,09-865-1111,info@sharon-carriers.co.il,35+ רכבים
הובלות דן (צי רכב),מרכז,03-550-1111,info@dan-log.co.il,45+ רכבים
"לוגיסטיקה פ""ת",פתח תקווה,03-921-1111,info@pt-moving.co.il,35+ רכבים
שינוע ראשון (צי רכב),ראשון לציון,03-961-1111,info@rishon-moving.co.il,40+ רכבים
מובילי חדרה (צי),חדרה,04-633-1111,info@hadera-log.co.il,30+ רכבים
הובלות השפלה,מרכז,08-927-1111,info@hashpela-log.co.il,35+ רכבים
לוגיסטיקה לוד,לוד,08-927-1111,info@lod-log.co.il,35+ רכבים
שינוע רמלה (צי רכב),רמלה,08-927-1111,info@ramla-moving.co.il,30+ רכבים
מובילי ירושלים (מרכז),מרכז,02-620-1111,info@jer-log.co.il,45+ רכבים
הובלות הנגב (מרכז),מרכז,08-941-1111,info@negev-log.co.il,40+ רכבים
לוגיסטיקה גדרה,גדרה,08-859-1111,info@gedera-log.co.il,25+ רכבים
שינוע נתניה (צי רכב),נתניה,09-865-1111,info@netanya-moving.co.il,35+ רכבים
מובילי רחובות (צי),רחובות,08-944-1111,info@rehovot-moving.co.il,30+ רכבים
הובלות חולון (צי רכב),חולון,03-502-1111,info@holon-log.co.il,35+ רכבים
לוגיסטיקה בת ים,בת ים,03-555-1111,info@batyam-log.co.il,25+ רכבים
שינוע גבעתיים (צי),גבעתיים,03-572-1111,info@gv-moving.co.il,20+ רכבים
מובילי רמת גן (צי),רמת גן,03-675-1111,info@rg-moving.co.il,30+ רכבים
הובלות הוד השרון,הוד השרון,09-775-1111,info@hod-log.co.il,25+ רכבים
לוגיסטיקה הרצליה,הרצליה,09-959-1111,info@herz-log.co.il,35+ רכבים
שינוע כפר סבא (צי),כפר סבא,09-764-1111,info@ks-moving.co.il,35+ רכבים
מובילי רעננה (צי),רעננה,09-775-1111,info@raanana-moving.co.il,30+ רכבים
הובלות מודיעין (צי),מודיעין,08-914-1111,info@modin-log.co.il,35+ רכבים
לוגיסטיקה שוהם,שוהם,03-972-1111,info@shoham-log.co.il,40+ רכבים
שינוע נס ציונה (צי),נס ציונה,08-943-1111,info@nz-moving.co.il,25+ רכבים
מובילי יבנה (צי רכב),יבנה,08-942-1111,info@yavne-moving.co.il,30+ רכבים
הובלות אור יהודה,אור יהודה,03-533-1111,info@ono-log.co.il,25+ רכבים
לוגיסטיקה קרית אונו,קרית אונו,03-535-1111,info@ono-moving.co.il,20+ רכבים
שינוע גבעת שמואל,גבעת שמואל,03-532-1111,info@gs-moving.co.il,20+ רכבים
מובילי רמלה (צי רכב),רמלה,08-927-1111,info@ramla-log.co.il,30+ רכבים
הובלות לוד (צי רכב),לוד,08-927-1111,info@lod-moving.co.il,30+ רכבים
לוגיסטיקה אלעד,אלעד,03-909-1111,info@elad-log.co.il,20+ רכבים
שינוע ראש העין,ראש העין,03-902-1111,info@rh-moving.co.il,35+ רכבים
מובילי הוד השרון,הוד השרון,09-775-1111,info@hod-moving.co.il,25+ רכבים
הובלות רמת השרון,רמת השרון,03-540-1111,info@rs-log.co.il,20+ רכבים
לוגיסטיקה קיסריה,קיסריה,04-627-1111,info@kis-log.co.il,40+ רכבים
שינוע חדרה (צי רכב),חדרה,04-634-1111,info@had-moving.co.il,35+ רכבים
מובילי פרדס חנה,מרכז,04-637-1111,info@ph-moving.co.il,20+ רכבים
הובלות זכרון יעקב,מרכז,04-639-1111,info@zy-log.co.il,20+ רכבים
לוגיסטיקה בנימינה,מרכז,04-638-1111,info@bin-log.co.il,15+ רכבים
שינוע עמק חפר,מרכז,09-898-1111,info@hefer-moving.co.il,35+ רכבים
מובילי טייבה (צי),מרכז,09-799-1111,info@taybe-log.co.il,25+ רכבים
הובלות טירה (צי רכב),מרכז,09-793-1111,info@tira-log.co.il,20+ רכבים
לוגיסטיקה קלנסווה,מרכז,09-790-1111,info@kala-log.co.il,15+ רכבים
שינוע באקה (צי רכב),מרכז,04-628-1111,info@baka-moving.co.il,20+ רכבים
מובילי כפר יונה,מרכז,09-894-1111,info@ks-log.co.il,20+ רכבים
הובלות תל מונד,מרכז,09-796-1111,info@tm-log.co.il,15+ רכבים
לוגיסטיקה קדימה,מרכז,09-891-1111,info@kad-log.co.il,20+ רכבים
שינוע אבן יהודה,מרכז,09-899-1111,info@ey-moving.co.il,15+ רכבים